{"cameraMode":{"drawMode":0,"name":"Shaded","section":"Shading Mode"},"sceneLighting":true,"audioPlay":false,"sceneViewState":{"showFog":true,"showMaterialUpdate":false,"showSkybox":true,"showFlares":true,"showImageEffects":true,"showParticleSystems":true},"in2DMode":false,"pivot":{"x":388.0604248046875,"y":315.3031921386719,"z":118.75187683105469},"rotation":{"x":0.023394111543893815,"y":0.01319512352347374,"z":-0.0003129281394649297,"w":0.9996457695960999},"size":718.6384887695313,"orthographic":true}